clue;clue_no;gold_guesses;model_guesses;top-5-acc;rank
calculus;2;exam, algebra;('algebra', 'exam');1;0
equation;2;exam, algebra;('algebra', 'void');1;4
knowledge;2;exam, algebra;('instruction', 'depth');0;14
math;2;exam, algebra;('algebra', 'instruction');1;1
school;2;exam, algebra;('instruction', 'algebra');0;8
study;2;exam, algebra;('exam', 'instruction');1;2
test;2;exam, algebra;('exam', 'abnormal');1;2
awkward;2;giggle, abnormal;('angry', 'giggle');0;6
cackle;2;giggle, abnormal;('giggle', 'yarn');0;6
comedy;2;giggle, abnormal;('couch', 'giggle');0;120
embarrass;2;giggle, abnormal;('angry', 'giggle');0;14
emotion;2;giggle, abnormal;('angry', 'depth');0;20
funny;2;giggle, abnormal;('angry', 'giggle');0;49
giddy;2;giggle, abnormal;('giggle', 'angry');0;14
goofy;2;giggle, abnormal;('angry', 'giggle');0;21
happy;2;giggle, abnormal;('angry', 'adore');0;98
hilarious;2;giggle, abnormal;('angry', 'giggle');0;26
hysterical;2;giggle, abnormal;('angry', 'giggle');1;4
insane;2;giggle, abnormal;('angry', 'outfit');0;21
laugh;2;giggle, abnormal;('giggle', 'angry');0;16
outburst;2;giggle, abnormal;('angry', 'giggle');0;6
quirky;2;giggle, abnormal;('adore', 'outfit');0;41
silly;2;giggle, abnormal;('angry', 'giggle');0;40
snort;2;giggle, abnormal;('giggle', 'burglar');0;5
standout;2;giggle, abnormal;('outfit', 'depth');0;187
weird;2;giggle, abnormal;('angry', 'giggle');0;6
alone;2;void, couch;('better', 'couch');0;40
comfort;2;void, couch;('better', 'couch');0;37
comfortable;2;void, couch;('better', 'couch');0;34
crack;2;void, couch;('angry', 'exam');0;29
depress;2;void, couch;('abnormal', 'giggle');0;117
depressed;2;void, couch;('angry', 'abnormal');0;33
empty;2;void, couch;('void', 'couch');1;0
furniture;2;void, couch;('couch', 'yarn');0;12
lazy;2;void, couch;('angry', 'couch');0;6
move;2;void, couch;('better', 'lead');0;47
pillow;2;void, couch;('couch', 'yarn');0;17
purchase;2;void, couch;('better', 'write');0;94
relax;2;void, couch;('couch', 'giggle');0;13
seat;2;void, couch;('couch', 'anchor');0;10
sedentary;2;void, couch;('abnormal', 'couch');0;17
sit;2;void, couch;('couch', 'write');0;10
sofa;2;void, couch;('couch', 'outfit');0;10
space;2;void, couch;('better', 'depth');0;6
stare;2;void, couch;('giggle', 'angry');0;12
store;2;void, couch;('write', 'yarn');0;105
weekend;2;void, couch;('better', 'outfit');0;89
change;2;pendulum, dusk;('action', 'pull');0;134
clock;2;pendulum, dusk;('pendulum', 'dusk');1;0
cycle;2;pendulum, dusk;('peak', 'pendulum');0;23
end;2;pendulum, dusk;('hard', 'pull');0;125
evening;2;pendulum, dusk;('tea', 'dusk');0;37
hypnotize;2;pendulum, dusk;('pendulum', 'clove');1;3
light;2;pendulum, dusk;('hand', 'dusk');0;6
midnight;2;pendulum, dusk;('dusk', 'comedy');0;10
repetitious;2;pendulum, dusk;('pendulum', 'bluejay');0;5
right;2;pendulum, dusk;('hand', 'pull');0;162
sun;2;pendulum, dusk;('dusk', 'valley');0;12
sunset;2;pendulum, dusk;('dusk', 'valley');0;8
swing;2;pendulum, dusk;('pull', 'pendulum');0;8
time;2;pendulum, dusk;('hard', 'hand');0;89
beverage;2;tea, bean;('tea', 'strawberry');1;2
black;2;tea, bean;('hard', 'bean');0;28
cafe;2;tea, bean;('tea', 'bean');1;0
caffeine;2;tea, bean;('tea', 'clove');1;1
coffee;2;tea, bean;('tea', 'bean');1;0
drink;2;tea, bean;('tea', 'strawberry');0;5
food;2;tea, bean;('tea', 'bean');1;0
green;2;tea, bean;('tea', 'bean');1;0
legume;2;tea, bean;('bean', 'strawberry');1;3
plant;2;tea, bean;('tea', 'strawberry');1;2
roast;2;tea, bean;('bean', 'clove');1;2
time;2;tea, bean;('hard', 'hand');0;114
vanilla;2;tea, bean;('strawberry', 'clove');0;7
activity;2;tourist, comedy;('action', 'peak');0;42
attraction;2;tourist, comedy;('tourist', 'comedy');1;0
audience;2;tourist, comedy;('comedy', 'pull');1;2
cinema;2;tourist, comedy;('comedy', 'tourist');1;0
cruise;2;tourist, comedy;('tourist', 'dusk');1;2
enjoy;2;tourist, comedy;('hard', 'tourist');0;8
entertain;2;tourist, comedy;('comedy', 'pull');1;1
fun;2;tourist, comedy;('hard', 'comedy');0;13
funny;2;tourist, comedy;('comedy', 'hard');0;9
happy;2;tourist, comedy;('hard', 'kick');0;71
laugh;2;tourist, comedy;('comedy', 'kick');0;24
performance;2;tourist, comedy;('hard', 'action');0;67
plan;2;tourist, comedy;('action', 'hard');0;69
show;2;tourist, comedy;('comedy', 'action');0;9
sightseeing;2;tourist, comedy;('tourist', 'dusk');1;3
tacky;2;tourist, comedy;('tourist', 'blank');0;5
theatre;2;tourist, comedy;('comedy', 'valley');1;1
ticket;2;tourist, comedy;('tourist', 'comedy');1;0
travel;2;tourist, comedy;('tourist', 'valley');0;7
vacation;2;tourist, comedy;('tourist', 'valley');1;3
abrupt;2;beginning, brake;('beginning', 'trigger');0;5
bicycle;2;beginning, brake;('brake', 'laundry');0;21
bike;2;beginning, brake;('brake', 'slick');0;11
car;2;beginning, brake;('brake', 'aircraft');0;40
cautious;2;beginning, brake;('beginning', 'faith');0;37
drive;2;beginning, brake;('stop', 'brake');0;13
driver;2;beginning, brake;('stop', 'brake');0;21
end;2;beginning, brake;('beginning', 'stop');1;4
ignition;2;beginning, brake;('brake', 'gas');0;11
license;2;beginning, brake;('school', 'aircraft');0;44
manual;2;beginning, brake;('brake', 'trigger');0;5
new;2;beginning, brake;('school', 'beginning');0;33
race;2;beginning, brake;('beginning', 'riot');0;7
restart;2;beginning, brake;('stop', 'trigger');0;10
slow;2;beginning, brake;('stop', 'trigger');0;15
start;2;beginning, brake;('beginning', 'stop');0;7
stop;2;beginning, brake;('stop', 'trigger');0;25
stoplight;2;beginning, brake;('stop', 'brake');0;24
time;2;beginning, brake;('beginning', 'stop');0;21
tricycle;2;beginning, brake;('brake', 'aircraft');0;46
flight;2;birds, aircraft;('aircraft', 'birds');1;0
fly;2;birds, aircraft;('aircraft', 'birds');1;0
sky;2;birds, aircraft;('birds', 'aircraft');1;0
turbine;2;birds, aircraft;('aircraft', 'gas');0;5
break;2;school, stop;('stop', 'beginning');1;4
bus;2;school, stop;('stop', 'school');1;0
cancel;2;school, stop;('stop', 'perform');0;7
children;2;school, stop;('school', 'faith');1;4
class;2;school, stop;('school', 'beginning');1;2
cross;2;school, stop;('grace', 'faith');0;28
crosswalk;2;school, stop;('brake', 'riot');0;17
education;2;school, stop;('school', 'faith');1;4
end;2;school, stop;('beginning', 'stop');0;8
graduate;2;school, stop;('school', 'beginning');0;8
graduation;2;school, stop;('school', 'beginning');0;11
learn;2;school, stop;('beginning', 'perform');0;7
red;2;school, stop;('brake', 'bandit');0;91
safety;2;school, stop;('gas', 'brake');0;26
schedule;2;school, stop;('beginning', 'perform');0;5
sign;2;school, stop;('stop', 'beginning');1;2
sky;2;school, stop;('birds', 'aircraft');0;121
summer;2;school, stop;('school', 'beginning');1;4
suspension;2;school, stop;('brake', 'foam');0;76
vacation;2;school, stop;('beginning', 'laundry');0;5
washu;2;school, stop;('sphinx', 'bandit');0;174
art;2;circle, dance;('literature', 'dance');0;6
campfire;2;circle, dance;('dark', 'circle');1;2
celebration;2;circle, dance;('day', 'dance');1;2
choreography;2;circle, dance;('dance', 'wicked');1;3
circus;2;circle, dance;('dance', 'lion');1;1
formation;2;circle, dance;('blood', 'circle');0;20
group;2;circle, dance;('circle', 'dance');1;0
hula;2;circle, dance;('dance', 'circle');1;0
mixer;2;circle, dance;('dance', 'circle');1;0
move;2;circle, dance;('dance', 'circle');1;0
movement;2;circle, dance;('dance', 'literature');1;4
party;2;circle, dance;('day', 'dance');1;2
performance;2;circle, dance;('dance', 'economy');0;26
prom;2;circle, dance;('dance', 'jeans');0;14
ritual;2;circle, dance;('dance', 'blood');1;1
round;2;circle, dance;('day', 'circle');1;4
shape;2;circle, dance;('circle', 'stripes');1;4
social;2;circle, dance;('economy', 'literature');0;41
spin;2;circle, dance;('dance', 'circle');1;0
square;2;circle, dance;('circle', 'hundred');0;5
twirl;2;circle, dance;('dance', 'stripes');1;1
anorexia;2;famine, calorie;('calorie', 'famine');1;0
appetite;2;famine, calorie;('blood', 'calorie');1;2
deficit;2;famine, calorie;('economy', 'aid');0;11
diet;2;famine, calorie;('calorie', 'blood');1;4
food;2;famine, calorie;('aid', 'calorie');1;2
hunger;2;famine, calorie;('famine', 'calorie');1;0
potato;2;famine, calorie;('calorie', 'famine');1;0
starve;2;famine, calorie;('ill', 'famine');1;1
cash;2;hundred, economy;('aid', 'economy');0;8
dollar;2;hundred, economy;('economy', 'hundred');1;0
dollars;2;hundred, economy;('hundred', 'economy');1;0
fortune;2;hundred, economy;('hundred', 'lion');1;4
large;2;hundred, economy;('dark', 'circle');0;44
monetary;2;hundred, economy;('economy', 'aid');1;4
money;2;hundred, economy;('aid', 'economy');0;6
monopoly;2;hundred, economy;('economy', 'lawyer');0;9
number;2;hundred, economy;('hundred', 'day');0;11
percentage;2;hundred, economy;('economy', 'calorie');0;6
price;2;hundred, economy;('day', 'economy');0;14
rich;2;hundred, economy;('dark', 'wicked');0;74
stock;2;hundred, economy;('economy', 'lion');0;24
abuse;2;corpse, fight;('fight', 'teacher');1;3
battle;2;corpse, fight;('fight', 'island');1;4
body;2;corpse, fight;('wrist', 'corpse');1;4
dark;2;corpse, fight;('berry', 'fangs');0;32
dead;2;corpse, fight;('corpse', 'fight');1;0
death;2;corpse, fight;('fight', 'corpse');1;0
fatal;2;corpse, fight;('fight', 'corpse');1;0
funeral;2;corpse, fight;('corpse', 'garden');0;8
gladiator;2;corpse, fight;('fight', 'fangs');0;5
gun;2;corpse, fight;('fight', 'ceiling');0;6
kill;2;corpse, fight;('fight', 'corpse');1;0
knockout;2;corpse, fight;('fight', 'fruit');0;6
murder;2;corpse, fight;('corpse', 'fight');1;0
war;2;corpse, fight;('fight', 'reality');1;1
zombie;2;corpse, fight;('corpse', 'fangs');1;1
analyze;2;graph, copy;('graph', 'copy');1;0
cheat;2;graph, copy;('copy', 'fight');0;18
computer;2;graph, copy;('copy', 'clock');1;2
data;2;graph, copy;('graph', 'copy');1;0
document;2;graph, copy;('copy', 'extension');1;1
excel;2;graph, copy;('graph', 'copy');1;0
homework;2;graph, copy;('teacher', 'copy');0;5
math;2;graph, copy;('teacher', 'graph');0;20
note;2;graph, copy;('copy', 'graph');1;0
number;2;graph, copy;('copy', 'extension');1;2
office;2;graph, copy;('kitchen', 'extension');0;59
paper;2;graph, copy;('copy', 'graph');1;0
photo;2;graph, copy;('copy', 'carpet');0;14
program;2;graph, copy;('teacher', 'extension');0;17
spreadsheet;2;graph, copy;('graph', 'copy');1;0
statistic;2;graph, copy;('graph', 'reality');0;5
work;2;graph, copy;('teacher', 'extension');0;32
bacon;2;kitchen, egg;('egg', 'fruit');1;2
bake;2;kitchen, egg;('egg', 'fruit');1;1
breakfast;2;kitchen, egg;('kitchen', 'fruit');1;1
chicken;2;kitchen, egg;('egg', 'fruit');1;1
cook;2;kitchen, egg;('kitchen', 'egg');1;0
domestic;2;kitchen, egg;('garden', 'kitchen');0;9
food;2;kitchen, egg;('fruit', 'kitchen');1;4
fry;2;kitchen, egg;('egg', 'fruit');1;1
omelet;2;kitchen, egg;('egg', 'fruit');1;1
scramble;2;kitchen, egg;('egg', 'fight');0;8
food;2;homeless, apartment;('homeless', 'onion');0;14
gentrification;2;homeless, apartment;('homeless', 'denial');1;2
hobo;2;homeless, apartment;('blues', 'homeless');0;36
home;2;homeless, apartment;('apartment', 'near');0;9
house;2;homeless, apartment;('apartment', 'near');0;7
live;2;homeless, apartment;('sky', 'blues');0;22
living;2;homeless, apartment;('apartment', 'homeless');1;0
residence;2;homeless, apartment;('apartment', 'near');1;3
shelter;2;homeless, apartment;('homeless', 'apartment');1;0
sleep;2;homeless, apartment;('child', 'homeless');0;13
welfare;2;homeless, apartment;('homeless', 'child');0;9
discover;2;near, astronaut;('combination', 'apartment');0;87
distance;2;near, astronaut;('near', 'apartment');0;21
far;2;near, astronaut;('done', 'near');0;36
land;2;near, astronaut;('near', 'apartment');0;28
mars;2;near, astronaut;('astronaut', 'sky');1;1
moon;2;near, astronaut;('sky', 'astronaut');0;13
orbit;2;near, astronaut;('astronaut', 'sky');1;1
rocket;2;near, astronaut;('astronaut', 'sky');1;2
space;2;near, astronaut;('apartment', 'astronaut');1;2
spatial;2;near, astronaut;('combination', 'color');0;127
train;2;near, astronaut;('carriage', 'near');0;26
breath;2;onion, cigarette;('cigarette', 'sky');0;15
burn;2;onion, cigarette;('done', 'cigarette');1;4
cough;2;onion, cigarette;('cigarette', 'thorn');0;9
cry;2;onion, cigarette;('child', 'thorn');0;144
disgust;2;onion, cigarette;('disregard', 'denial');0;49
gross;2;onion, cigarette;('disregard', 'denial');0;108
halitosis;2;onion, cigarette;('cigarette', 'homeless');1;3
heat;2;onion, cigarette;('combination', 'onion');0;12
lung;2;onion, cigarette;('cigarette', 'combination');0;10
mouth;2;onion, cigarette;('cigarette', 'thorn');1;1
odor;2;onion, cigarette;('cigarette', 'color');1;2
plant;2;onion, cigarette;('flower', 'near');0;52
pungent;2;onion, cigarette;('onion', 'cigarette');1;0
smell;2;onion, cigarette;('cigarette', 'onion');1;0
smelly;2;onion, cigarette;('cigarette', 'onion');1;0
stink;2;onion, cigarette;('cigarette', 'onion');1;0
strong;2;onion, cigarette;('combination', 'done');0;139
clarify;2;definition, assist;('assist', 'definition');1;0
dictionary;2;definition, assist;('definition', 'tree');0;11
explain;2;definition, assist;('experiment', 'definition');1;2
help;2;definition, assist;('assist', 'conquer');1;2
helpful;2;definition, assist;('assist', 'quiet');1;1
instructor;2;definition, assist;('assist', 'pants');0;8
reference;2;definition, assist;('definition', 'cover');1;3
rondo;2;definition, assist;('assist', 'bull');0;9
synonym;2;definition, assist;('definition', 'tree');0;15
teach;2;definition, assist;('assist', 'conquer');0;6
thesaurus;2;definition, assist;('definition', 'beaker');0;5
vocabulary;2;definition, assist;('definition', 'experiment');1;4
apparel;2;pants, collar;('pants', 'collar');1;0
attire;2;pants, collar;('pants', 'collar');1;0
belt;2;pants, collar;('collar', 'pants');1;0
cloth;2;pants, collar;('cover', 'pants');1;1
clothes;2;pants, collar;('pants', 'pieces');1;1
shirt;2;pants, collar;('pants', 'collar');1;0
suit;2;pants, collar;('pants', 'collar');1;0
apocalypse;2;war, quiet;('war', 'conquer');0;9
battle;2;war, quiet;('war', 'conquer');0;8
battlefield;2;war, quiet;('war', 'conquer');1;1
ceasefire;2;war, quiet;('war', 'quiet');1;0
death;2;war, quiet;('war', 'bull');0;6
disagreement;2;war, quiet;('definition', 'war');1;3
drone;2;war, quiet;('war', 'experiment');1;1
fight;2;war, quiet;('war', 'conquer');0;15
loud;2;war, quiet;('quiet', 'pants');0;6
melancholy;2;war, quiet;('quiet', 'pieces');1;1
negotiate;2;war, quiet;('assist', 'conquer');0;33
nerve-racking;2;war, quiet;('quiet', 'beaker');0;31
noise;2;war, quiet;('quiet', 'cover');0;12
nuclear;2;war, quiet;('war', 'experiment');1;4
peace;2;war, quiet;('war', 'quiet');1;0
settlement;2;war, quiet;('war', 'welfare');0;11
silence;2;war, quiet;('quiet', 'war');1;0
silent;2;war, quiet;('quiet', 'war');1;0
spies;2;war, quiet;('war', 'conquer');1;3
stealth;2;war, quiet;('war', 'pants');0;8
veteran;2;war, quiet;('war', 'assist');0;8
yell;2;war, quiet;('pants', 'bull');0;39
affect;2;flat, alike;('competition', 'deteriorate');0;64
angle;2;flat, alike;('flat', 'float');0;11
bland;2;flat, alike;('flat', 'alike');1;0
boring;2;flat, alike;('heavy', 'flat');1;2
comparison;2;flat, alike;('competition', 'service');0;16
description;2;flat, alike;('service', 'beauty');0;88
desert;2;flat, alike;('winter', 'beauty');0;62
feet;2;flat, alike;('flat', 'hose');0;23
geometric;2;flat, alike;('flat', 'feather');0;10
pancake;2;flat, alike;('float', 'herb');0;57
paper;2;flat, alike;('receipt', 'flat');0;75
plain;2;flat, alike;('flat', 'heavy');0;5
plateau;2;flat, alike;('flat', 'beauty');0;39
same;2;flat, alike;('man', 'service');0;7
shoe;2;flat, alike;('flat', 'feather');0;36
sidewalk;2;flat, alike;('grocery', 'flat');0;23
similar;2;flat, alike;('service', 'flat');1;3
smooth;2;flat, alike;('flat', 'heavy');0;16
tire;2;flat, alike;('flat', 'hose');0;76
unchanging;2;flat, alike;('beauty', 'deteriorate');0;33
uniform;2;flat, alike;('flat', 'hose');0;21
wall;2;flat, alike;('flat', 'float');0;23
antonym;2;heavy, feather;('adultery', 'perjury');0;183
eagle;2;heavy, feather;('feather', 'winter');0;6
float;2;heavy, feather;('float', 'feather');0;23
heart;2;heavy, feather;('man', 'baby');0;22
light;2;heavy, feather;('heavy', 'flat');1;3
lightweight;2;heavy, feather;('heavy', 'flat');1;1
might;2;heavy, feather;('man', 'alike');0;95
opposite;2;heavy, feather;('flat', 'man');0;167
ostrich;2;heavy, feather;('feather', 'float');0;14
oxymoron;2;heavy, feather;('adultery', 'perjury');0;182
penguin;2;heavy, feather;('baby', 'puppy');0;42
pound;2;heavy, feather;('heavy', 'puppy');0;20
weight;2;heavy, feather;('heavy', 'baby');0;6
weightless;2;heavy, feather;('float', 'feather');0;17
cheat;2;perjury, adultery;('man', 'adultery');0;27
court;2;perjury, adultery;('competition', 'perjury');1;4
courtroom;2;perjury, adultery;('perjury', 'adultery');1;0
crime;2;perjury, adultery;('adultery', 'perjury');1;0
illegal;2;perjury, adultery;('adultery', 'perjury');1;0
law;2;perjury, adultery;('service', 'adultery');1;3
lawsuit;2;perjury, adultery;('competition', 'perjury');1;3
naughty;2;perjury, adultery;('beauty', 'puppy');0;109
sin;2;perjury, adultery;('adultery', 'man');1;2
wrong;2;perjury, adultery;('man', 'baby');0;35
wrongdoing;2;perjury, adultery;('perjury', 'adultery');1;0
attitude;2;bad, actress;('bad', 'dominant');0;24
boo;2;bad, actress;('bad', 'bow');0;14
cringeworthy;2;bad, actress;('bad', 'deodorant');1;4
critic;2;bad, actress;('actress', 'most');1;1
drama;2;bad, actress;('actress', 'bad');1;0
failure;2;bad, actress;('bad', 'communicate');0;51
fake;2;bad, actress;('bad', 'trash');1;1
film;2;bad, actress;('actress', 'bad');1;0
imitator;2;bad, actress;('party', 'actress');0;13
monologue;2;bad, actress;('actress', 'trash');1;3
movie;2;bad, actress;('actress', 'bad');1;0
music;2;bad, actress;('most', 'party');0;5
nepotism;2;bad, actress;('bad', 'party');0;11
rot;2;bad, actress;('trash', 'vegetable');0;159
television;2;bad, actress;('actress', 'cooking');1;4
terrible;2;bad, actress;('bad', 'most');1;2
villain;2;bad, actress;('bad', 'actress');1;0
air;2;breeze, bubble;('breeze', 'base');1;1
bath;2;breeze, bubble;('bubble', 'deodorant');0;6
beach;2;breeze, bubble;('breeze', 'party');1;2
blow;2;breeze, bubble;('bubble', 'breeze');1;0
effect;2;breeze, bubble;('bad', 'bubble');0;38
float;2;breeze, bubble;('bubble', 'breeze');1;0
gentle;2;breeze, bubble;('breeze', 'deodorant');1;3
light;2;breeze, bubble;('base', 'breeze');1;2
ocean;2;breeze, bubble;('breeze', 'bubble');1;0
outside;2;breeze, bubble;('base', 'party');0;85
relax;2;breeze, bubble;('breeze', 'clarify');1;2
sea;2;breeze, bubble;('breeze', 'deer');0;6
soap;2;breeze, bubble;('deodorant', 'vegetable');0;48
spring;2;breeze, bubble;('breeze', 'deer');0;10
wind;2;breeze, bubble;('breeze', 'bow');1;4
bake;2;communicate, cooking;('cooking', 'sauce');0;40
book;2;communicate, cooking;('most', 'plan');0;48
chef;2;communicate, cooking;('cooking', 'sauce');0;31
competition;2;communicate, cooking;('most', 'dominant');0;93
cultural;2;communicate, cooking;('dominant', 'clarify');0;16
culture;2;communicate, cooking;('dominant', 'cooking');0;10
food;2;communicate, cooking;('cooking', 'vegetable');0;33
kitchen;2;communicate, cooking;('cooking', 'vegetable');0;28
list;2;communicate, cooking;('most', 'plan');0;144
mother;2;communicate, cooking;('care', 'actress');0;55
partner;2;communicate, cooking;('communicate', 'dominant');0;45
practice;2;communicate, cooking;('care', 'clarify');0;35
recipe;2;communicate, cooking;('sauce', 'cooking');0;65
show;2;communicate, cooking;('party', 'actress');0;110
talk;2;communicate, cooking;('bad', 'communicate');0;12
tell;2;communicate, cooking;('communicate', 'clarify');0;24
video;2;communicate, cooking;('bad', 'actress');0;102
ball;2;bat, bounce;('bounce', 'bat');1;0
baseball;2;bat, bounce;('bat', 'gold');1;3
echolocation;2;bat, bounce;('bat', 'dracula');1;2
fly;2;bat, bounce;('bat', 'bounce');1;0
groundball;2;bat, bounce;('bounce', 'bat');1;0
hero;2;bat, bounce;('priest', 'dracula');0;58
move;2;bat, bounce;('bounce', 'agenda');0;7
sport;2;bat, bounce;('drink', 'gold');0;30
allergy;2;lunch, almond;('bacteria', 'almond');0;32
food;2;lunch, almond;('lunch', 'drink');0;5
health;2;lunch, almond;('debate', 'agenda');0;68
milk;2;lunch, almond;('drink', 'almond');1;4
nut;2;lunch, almond;('almond', 'knob');1;4
nutrition;2;lunch, almond;('drink', 'lunch');1;3
peanut;2;lunch, almond;('almond', 'soap');1;1
sandwich;2;lunch, almond;('lunch', 'almond');1;0
snack;2;lunch, almond;('lunch', 'drink');1;1
blood;2;toes, dracula;('drink', 'bacteria');0;25
body;2;toes, dracula;('soap', 'bacteria');0;95
claw;2;toes, dracula;('knob', 'toes');0;11
count;2;toes, dracula;('bounce', 'dracula');0;20
creepy;2;toes, dracula;('dracula', 'bat');1;1
fetish;2;toes, dracula;('toes', 'soap');0;5
freak;2;toes, dracula;('bat', 'bounce');0;25
ground;2;toes, dracula;('toes', 'almond');0;119
human;2;toes, dracula;('agenda', 'bacteria');0;83
person;2;toes, dracula;('drink', 'priest');0;142
scary;2;toes, dracula;('dracula', 'bat');1;4
stub;2;toes, dracula;('soap', 'window');0;68
suck;2;toes, dracula;('drink', 'toes');0;12
teeth;2;toes, dracula;('toes', 'bacteria');1;3
twilight;2;toes, dracula;('dracula', 'bell');0;10
ugly;2;toes, dracula;('window', 'toes');0;15
vampire;2;toes, dracula;('dracula', 'priest');0;5
vein;2;toes, dracula;('gold', 'rhythm');0;37
adventure;2;cave, knight;('cave', 'fairy');1;1
castle;2;cave, knight;('cave', 'knight');1;0
dark;2;cave, knight;('red', 'glow');0;13
darkness;2;cave, knight;('glow', 'knight');1;2
dragon;2;cave, knight;('knight', 'fairy');1;1
dungeon;2;cave, knight;('cave', 'knight');1;0
hide;2;cave, knight;('cave', 'trim');0;44
kingdom;2;cave, knight;('knight', 'fairy');1;2
medieval;2;cave, knight;('fairy', 'knight');1;2
monster;2;cave, knight;('knight', 'fairy');0;9
opposite;2;cave, knight;('weak', 'bench');0;67
protection;2;cave, knight;('site', 'quick');0;163
quest;2;cave, knight;('knight', 'fairy');1;1
soldier;2;cave, knight;('knight', 'robin');1;3
valor;2;cave, knight;('knight', 'glow');0;9
warrior;2;cave, knight;('knight', 'fairy');1;1
comet;2;quick, glow;('bird', 'glow');0;66
explosion;2;quick, glow;('glow', 'site');0;7
fire;2;quick, glow;('glow', 'oak');0;26
firefly;2;quick, glow;('glow', 'fairy');0;19
firework;2;quick, glow;('glow', 'fairy');0;26
flare;2;quick, glow;('glow', 'trim');1;3
flash;2;quick, glow;('quick', 'glow');1;0
flashlight;2;quick, glow;('glow', 'red');1;1
flicker;2;quick, glow;('glow', 'bird');0;6
laser;2;quick, glow;('cut', 'glow');1;3
light;2;quick, glow;('glow', 'red');0;6
lightening;2;quick, glow;('glow', 'mild');1;1
lightning;2;quick, glow;('glow', 'knight');1;2
match;2;quick, glow;('quick', 'robin');0;40
neon;2;quick, glow;('red', 'glow');0;19
shine;2;quick, glow;('glow', 'hope');0;5
silver;2;quick, glow;('red', 'trim');0;69
spark;2;quick, glow;('glow', 'hope');1;1
acorn;2;tree, oak;('oak', 'tree');1;0
arbor;2;tree, oak;('oak', 'tree');1;0
bark;2;tree, oak;('tree', 'oak');1;0
branch;2;tree, oak;('tree', 'oak');1;0
climb;2;tree, oak;('cave', 'tree');0;15
deciduous;2;tree, oak;('tree', 'oak');1;0
foliage;2;tree, oak;('tree', 'oak');1;0
forest;2;tree, oak;('tree', 'oak');1;0
green;2;tree, oak;('red', 'glow');0;18
leaf;2;tree, oak;('tree', 'oak');1;0
maple;2;tree, oak;('oak', 'tree');1;0
nature;2;tree, oak;('bird', 'tree');0;30
photosynthesis;2;tree, oak;('tree', 'analyze');0;25
plant;2;tree, oak;('tree', 'bird');1;1
root;2;tree, oak;('tree', 'red');1;3
squirrel;2;tree, oak;('bird', 'tree');0;23
sturdy;2;tree, oak;('oak', 'trim');0;7
sycamore;2;tree, oak;('oak', 'tree');1;0
tree;2;tree, oak;('tree', 'oak');1;0
wood;2;tree, oak;('oak', 'tree');1;0
desk;2;chair, table;('chair', 'table');1;0
dine;2;chair, table;('table', 'ship');1;2
dining;2;chair, table;('table', 'chair');1;0
dinner;2;chair, table;('table', 'late');1;2
furniture;2;chair, table;('chair', 'table');1;0
household;2;chair, table;('gas', 'garage');0;24
kitchen;2;chair, table;('garage', 'table');1;4
mealtime;2;chair, table;('table', 'chair');1;0
seat;2;chair, table;('chair', 'table');1;0
sit;2;chair, table;('chair', 'table');1;0
aisle;2;feet, chapel;('chair', 'chapel');1;3
baptism;2;feet, chapel;('chapel', 'pure');0;6
bare;2;feet, chapel;('feet', 'sand');0;43
church;2;feet, chapel;('chapel', 'early');0;6
churchyard;2;feet, chapel;('chapel', 'garage');1;3
cleanse;2;feet, chapel;('pure', 'aware');0;29
foot;2;feet, chapel;('feet', 'chair');0;12
god;2;feet, chapel;('pure', 'boss');0;47
ground;2;feet, chapel;('feet', 'sand');0;13
holy;2;feet, chapel;('chapel', 'pure');0;11
kneel;2;feet, chapel;('feet', 'chair');1;1
marble;2;feet, chapel;('sand', 'table');0;35
miracle;2;feet, chapel;('pure', 'chapel');0;24
mosque;2;feet, chapel;('chapel', 'blaze');1;4
pilgrimage;2;feet, chapel;('chapel', 'dune');1;3
pope;2;feet, chapel;('chapel', 'late');0;7
prayer;2;feet, chapel;('chapel', 'ring');0;10
religious;2;feet, chapel;('aware', 'chapel');0;30
sandals;2;feet, chapel;('sand', 'feet');0;31
shoe;2;feet, chapel;('feet', 'ring');0;31
stand;2;feet, chapel;('table', 'chair');0;47
walk;2;feet, chapel;('feet', 'chapel');1;0
waltz;2;feet, chapel;('ring', 'dune');0;44
wash;2;feet, chapel;('pure', 'sand');0;67
worship;2;feet, chapel;('chapel', 'feet');1;0
back;2;garage, bone;('early', 'late');0;89
barbecue;2;garage, bone;('garage', 'gas');0;20
build;2;garage, bone;('garage', 'gas');0;41
car;2;garage, bone;('garage', 'gas');0;31
dog;2;garage, bone;('bone', 'ring');0;8
doghouse;2;garage, bone;('garage', 'chapel');1;3
door;2;garage, bone;('garage', 'chair');0;15
drum;2;garage, bone;('garage', 'dope');0;10
epidermis;2;garage, bone;('bone', 'feet');0;22
fill;2;garage, bone;('list', 'sand');0;128
kennel;2;garage, bone;('garage', 'blaze');0;18
milk;2;garage, bone;('pure', 'bone');0;46
motorcycle;2;garage, bone;('garage', 'dune');0;18
remains;2;garage, bone;('aware', 'early');0;96
saw;2;garage, bone;('late', 'early');0;163
skeleton;2;garage, bone;('bone', 'ring');0;14
snoopy;2;garage, bone;('bone', 'boss');0;58
spooky;2;garage, bone;('dope', 'chapel');0;27
storage;2;garage, bone;('garage', 'table');0;13
structure;2;garage, bone;('table', 'bone');0;14
tool;2;garage, bone;('list', 'table');0;15
trash;2;garage, bone;('garage', 'dope');0;43
underground;2;garage, bone;('garage', 'dope');0;36
bronze;2;gold, silver;('silver', 'gold');1;0
coin;2;gold, silver;('silver', 'gold');1;0
commodity;2;gold, silver;('gold', 'plant');1;1
currency;2;gold, silver;('gold', 'silver');1;0
element;2;gold, silver;('above', 'arrow');0;44
jewelry;2;gold, silver;('silver', 'gold');1;0
luxury;2;gold, silver;('silver', 'lace');1;2
medal;2;gold, silver;('gold', 'cup');1;1
metal;2;gold, silver;('silver', 'gold');1;0
money;2;gold, silver;('gold', 'tip');1;4
precious;2;gold, silver;('gold', 'silver');1;0
treasure;2;gold, silver;('gold', 'silver');1;0
valuable;2;gold, silver;('gold', 'plant');0;15
air;2;stern, wind;('wind', 'arrow');0;7
blow;2;stern, wind;('wind', 'tip');1;3
boat;2;stern, wind;('tent', 'stern');1;3
brisk;2;stern, wind;('wind', 'lunch');0;6
cold;2;stern, wind;('wind', 'sun');0;9
fierce;2;stern, wind;('wind', 'stern');1;0
force;2;stern, wind;('wind', 'arrow');1;4
harsh;2;stern, wind;('wind', 'stern');1;0
horn;2;stern, wind;('bow', 'silver');0;12
hurricane;2;stern, wind;('wind', 'stern');1;0
sail;2;stern, wind;('wind', 'bow');1;2
sailboat;2;stern, wind;('bow', 'stern');1;1
ship;2;stern, wind;('wind', 'stern');1;0
strong;2;stern, wind;('wind', 'loose');1;2
tornado;2;stern, wind;('wind', 'arrow');1;4
tough;2;stern, wind;('loose', 'stern');0;7
weather;2;stern, wind;('wind', 'sun');0;6
whip;2;stern, wind;('bow', 'cup');0;24
wind;2;stern, wind;('wind', 'sun');0;7
autoclave;2;sun, bowl;('plant', 'wind');0;151
breakfast;2;sun, bowl;('lunch', 'host');0;37
cereal;2;sun, bowl;('bowl', 'cup');0;21
chip;2;sun, bowl;('bowl', 'cup');0;23
circle;2;sun, bowl;('arrow', 'silver');0;104
contain;2;sun, bowl;('below', 'plant');0;97
curvature;2;sun, bowl;('tip', 'arrow');0;129
football;2;sun, bowl;('bowl', 'cup');0;10
heat;2;sun, bowl;('wind', 'sun');0;6
picnic;2;sun, bowl;('lunch', 'tent');0;37
plate;2;sun, bowl;('bowl', 'silver');0;64
raisin;2;sun, bowl;('cup', 'bowl');0;5
round;2;sun, bowl;('cup', 'bowl');0;41
set;2;sun, bowl;('gold', 'host');0;142
sphere;2;sun, bowl;('silver', 'arrow');0;40
sundae;2;sun, bowl;('bowl', 'lunch');0;15
angel;2;holy, kind;('tiny', 'holy');0;11
charity;2;holy, kind;('luck', 'holy');1;2
church;2;holy, kind;('holy', 'road');1;2
commandment;2;holy, kind;('holy', 'regret');0;6
commandments;2;holy, kind;('holy', 'regret');1;4
diet;2;holy, kind;('teeth', 'gums');0;49
emotion;2;holy, kind;('kind', 'regret');0;17
generous;2;holy, kind;('kind', 'rude');0;9
good;2;holy, kind;('kind', 'luck');0;5
lesson;2;holy, kind;('tool', 'regret');0;25
moral;2;holy, kind;('kind', 'regret');1;1
nice;2;holy, kind;('kind', 'luck');0;24
nun;2;holy, kind;('holy', 'tiny');1;3
preacher;2;holy, kind;('holy', 'hammer');1;2
priest;2;holy, kind;('holy', 'hammer');1;2
religion;2;holy, kind;('holy', 'kind');1;0
religious;2;holy, kind;('holy', 'kind');1;0
righteous;2;holy, kind;('holy', 'regret');1;3
saint;2;holy, kind;('holy', 'lane');0;6
virtue;2;holy, kind;('holy', 'luck');1;2
anger;2;rude, regret;('regret', 'rude');1;0
angry;2;rude, regret;('rude', 'regret');1;0
argument;2;rude, regret;('kind', 'paper');0;18
asshole;2;rude, regret;('rude', 'tiny');0;7
attitude;2;rude, regret;('kind', 'rude');1;1
bad;2;rude, regret;('luck', 'rude');1;3
bully;2;rude, regret;('rude', 'tool');0;11
consequence;2;rude, regret;('kind', 'regret');1;1
fight;2;rude, regret;('kind', 'luck');0;35
guilt;2;rude, regret;('regret', 'kind');0;8
hindsight;2;rude, regret;('regret', 'luck');1;2
impression;2;rude, regret;('kind', 'regret');1;2
insult;2;rude, regret;('rude', 'regret');1;0
mean;2;rude, regret;('kind', 'rude');1;4
misbehave;2;rude, regret;('rude', 'gums');1;1
mistake;2;rude, regret;('regret', 'luck');1;1
negative;2;rude, regret;('kind', 'rude');1;1
re;2;rude, regret;('luck', 'hammer');0;56
remorse;2;rude, regret;('regret', 'kind');1;1
shame;2;rude, regret;('regret', 'luck');1;2
sin;2;rude, regret;('regret', 'holy');0;9
sorry;2;rude, regret;('regret', 'rude');1;0
tantrum;2;rude, regret;('rude', 'regret');1;0
upset;2;rude, regret;('regret', 'rude');1;0
brush;2;teeth, gums;('teeth', 'gums');1;0
cavity;2;teeth, gums;('beam', 'teeth');1;2
dental;2;teeth, gums;('teeth', 'gums');1;0
dentist;2;teeth, gums;('teeth', 'gums');1;0
dentistry;2;teeth, gums;('teeth', 'gums');1;0
floss;2;teeth, gums;('gums', 'teeth');1;0
gingivitis;2;teeth, gums;('gums', 'teeth');1;0
mouth;2;teeth, gums;('teeth', 'gums');1;0
oral;2;teeth, gums;('teeth', 'gums');1;0
u;2;teeth, gums;('luck', 'regret');0;168
bed;2;dream, bet;('travel', 'sunny');0;36
belief;2;dream, bet;('path', 'leap');0;21
chance;2;dream, bet;('give', 'bet');1;2
dopamine;2;dream, bet;('glue', 'ankle');0;67
future;2;dream, bet;('give', 'dream');0;13
gamble;2;dream, bet;('bet', 'chief');0;6
goal;2;dream, bet;('run', 'dream');0;17
hope;2;dream, bet;('give', 'dream');1;3
imagine;2;dream, bet;('dream', 'bet');1;0
lottery;2;dream, bet;('bet', 'dream');1;0
luck;2;dream, bet;('bet', 'poor');1;1
millionaire;2;dream, bet;('dream', 'bet');1;0
money;2;dream, bet;('give', 'bet');0;5
nightmare;2;dream, bet;('dream', 'halo');0;11
predict;2;dream, bet;('give', 'bet');0;7
rich;2;dream, bet;('give', 'poor');0;27
risk;2;dream, bet;('poor', 'chief');0;64
stake;2;dream, bet;('bet', 'chief');0;20
uncertain;2;dream, bet;('path', 'poor');0;40
win;2;dream, bet;('run', 'bet');1;2
wish;2;dream, bet;('give', 'dream');1;2
wishful;2;dream, bet;('dream', 'leap');1;2
air;2;jump, leap;('travel', 'gun');0;93
bounce;2;jump, leap;('jump', 'leap');1;0
cliff;2;jump, leap;('jump', 'leap');1;0
elevate;2;jump, leap;('give', 'ankle');0;19
faith;2;jump, leap;('give', 'angel');0;43
frog;2;jump, leap;('leap', 'spoon');1;3
height;2;jump, leap;('jump', 'ankle');0;6
high;2;jump, leap;('run', 'poor');0;48
hop;2;jump, leap;('jump', 'bet');1;1
lift;2;jump, leap;('fork', 'ankle');0;36
motion;2;jump, leap;('leap', 'ankle');1;1
move;2;jump, leap;('jump', 'leap');1;0
prance;2;jump, leap;('jump', 'leap');1;0
skip;2;jump, leap;('jump', 'fork');1;4
skydive;2;jump, leap;('jump', 'leap');1;0
trampoline;2;jump, leap;('jump', 'leap');1;0
upward;2;jump, leap;('path', 'leap');1;2
vault;2;jump, leap;('jump', 'halo');0;13
accelerate;2;travel, ankle;('leap', 'path');0;127
ale;2;travel, ankle;('spoon', 'sunny');0;148
basketball;2;travel, ankle;('jump', 'bet');0;13
boot;2;travel, ankle;('ankle', 'run');0;17
break;2;travel, ankle;('run', 'jump');0;80
broken;2;travel, ankle;('poor', 'ankle');0;83
connector;2;travel, ankle;('path', 'glue');0;62
destination;2;travel, ankle;('travel', 'path');0;31
feet;2;travel, ankle;('jump', 'ankle');0;33
foot;2;travel, ankle;('ankle', 'jump');0;9
footpath;2;travel, ankle;('path', 'sunny');0;93
getaway;2;travel, ankle;('travel', 'sunny');0;33
globetrotter;2;travel, ankle;('travel', 'halo');0;10
hike;2;travel, ankle;('path', 'travel');0;32
joint;2;travel, ankle;('chief', 'ankle');0;11
leg;2;travel, ankle;('ankle', 'jump');0;14
movement;2;travel, ankle;('path', 'ankle');0;25
plane;2;travel, ankle;('path', 'travel');0;59
rotate;2;travel, ankle;('jump', 'paste');0;57
sandal;2;travel, ankle;('ankle', 'glue');0;8
shoe;2;travel, ankle;('ankle', 'glue');0;10
transportation;2;travel, ankle;('travel', 'chief');0;25
trap;2;travel, ankle;('gun', 'glue');0;184
trek;2;travel, ankle;('travel', 'halo');0;37
trip;2;travel, ankle;('travel', 'dream');0;14
twist;2;travel, ankle;('spoon', 'glue');0;76
vacation;2;travel, ankle;('travel', 'sunny');0;27
walk;2;travel, ankle;('run', 'path');0;103
baby;2;hand, birth;('birth', 'lion');1;4
body;2;hand, birth;('hand', 'birth');1;0
born;2;hand, birth;('birth', 'hell');0;7
c-section;2;hand, birth;('birth', 'exam');0;11
deliver;2;hand, birth;('fresh', 'exact');0;29
doctor;2;hand, birth;('birth', 'exam');0;5
doula;2;hand, birth;('birth', 'exam');0;9
finger;2;hand, birth;('hand', 'snake');0;15
fingerprint;2;hand, birth;('trace', 'test');0;56
first;2;hand, birth;('test', 'birth');0;6
god;2;hand, birth;('hell', 'birth');0;11
human;2;hand, birth;('test', 'birth');1;2
mark;2;hand, birth;('test', 'birth');0;6
masturbate;2;hand, birth;('hand', 'exam');0;15
midwife;2;hand, birth;('birth', 'exam');1;2
mother;2;hand, birth;('birth', 'tiger');1;1
newborn;2;hand, birth;('birth', 'lion');0;6
nurse;2;hand, birth;('exam', 'birth');0;11
right;2;hand, birth;('hand', 'hell');0;7
slap;2;hand, birth;('hell', 'hand');0;50
squeeze;2;hand, birth;('hand', 'fresh');0;76
tradition;2;hand, birth;('birth', 'pork');1;1
vagina;2;hand, birth;('birth', 'snake');1;1
animal;2;lion, tiger;('snake', 'lion');1;2
bear;2;lion, tiger;('lion', 'tiger');1;0
beast;2;lion, tiger;('hell', 'lion');1;3
cat;2;lion, tiger;('snake', 'lion');1;2
cheetah;2;lion, tiger;('lion', 'tiger');1;0
feline;2;lion, tiger;('lion', 'snake');1;1
mammal;2;lion, tiger;('snake', 'lion');1;2
roar;2;lion, tiger;('lion', 'tiger');1;0
safari;2;lion, tiger;('lion', 'tiger');1;0
wildcat;2;lion, tiger;('tiger', 'lion');1;0
zoo;2;lion, tiger;('lion', 'tiger');1;0
black;2;snake, ash;('ash', 'snake');1;0
burn;2;snake, ash;('hell', 'ash');0;26
camouflage;2;snake, ash;('tiger', 'snake');0;5
camp;2;snake, ash;('lion', 'pine');0;113
charm;2;snake, ash;('snake', 'clever');0;38
death;2;snake, ash;('birth', 'hell');0;58
desert;2;snake, ash;('snake', 'pine');0;10
dirt;2;snake, ash;('ash', 'trace');1;2
dragon;2;snake, ash;('snake', 'lion');0;10
fireplace;2;snake, ash;('pine', 'ash');0;23
grey;2;snake, ash;('ash', 'pine');1;1
hiss;2;snake, ash;('snake', 'alarm');1;3
molt;2;snake, ash;('pork', 'exam');0;9
pit;2;snake, ash;('hell', 'snake');1;1
poison;2;snake, ash;('snake', 'hell');1;1
punishment;2;snake, ash;('hell', 'storm');0;164
reptile;2;snake, ash;('snake', 'lion');0;11
reputation;2;snake, ash;('clever', 'storm');0;188
ritual;2;snake, ash;('birth', 'snake');0;17
scare;2;snake, ash;('hell', 'alarm');0;65
slip;2;snake, ash;('hand', 'snake');0;32
slither;2;snake, ash;('snake', 'hell');0;7
sly;2;snake, ash;('clever', 'snake');0;24
tree;2;snake, ash;('pine', 'ash');0;11
volcano;2;snake, ash;('ash', 'storm');1;2
you;2;snake, ash;('hell', 'exact');0;155
blister;2;crust, boot;('tear', 'crust');0;14
callus;2;crust, boot;('crust', 'bun');0;8
desert;2;crust, boot;('rock', 'river');0;51
dirt;2;crust, boot;('rock', 'tear');0;82
dirty;2;crust, boot;('dead', 'white');0;137
earth;2;crust, boot;('alive', 'crust');0;77
fisherman;2;crust, boot;('river', 'bear');0;119
footwear;2;crust, boot;('boot', 'ideal');0;10
grime;2;crust, boot;('rock', 'crust');0;26
ground;2;crust, boot;('stand', 'flat');0;121
hike;2;crust, boot;('river', 'bear');0;49
item;2;crust, boot;('found', 'chain');0;153
mud;2;crust, boot;('rock', 'river');0;35
old;2;crust, boot;('lost', 'dead');0;167
pizza;2;crust, boot;('crust', 'bun');0;14
shoe;2;crust, boot;('boot', 'flat');0;12
sock;2;crust, boot;('boot', 'bun');0;11
sole;2;crust, boot;('boot', 'flat');1;1
upper;2;crust, boot;('flat', 'river');0;15
backyard;2;elm, rock;('ideal', 'sit');0;43
climb;2;elm, rock;('sit', 'rock');0;51
earth;2;elm, rock;('alive', 'crust');0;85
firm;2;elm, rock;('chain', 'lemon');0;156
forest;2;elm, rock;('river', 'elm');0;12
ground;2;elm, rock;('stand', 'flat');0;134
hard;2;elm, rock;('stand', 'boot');0;135
hardwood;2;elm, rock;('flat', 'elm');0;10
heavy;2;elm, rock;('rock', 'chain');0;86
inanimate;2;elm, rock;('dead', 'alive');0;77
landform;2;elm, rock;('river', 'crust');0;42
landmark;2;elm, rock;('stand', 'river');0;6
landscape;2;elm, rock;('ideal', 'river');0;29
lichen;2;elm, rock;('crust', 'elm');1;4
moss;2;elm, rock;('lemon', 'elm');1;1
natural;2;elm, rock;('ideal', 'lemon');0;84
nature;2;elm, rock;('ideal', 'bear');0;134
outcropping;2;elm, rock;('rock', 'crust');1;3
outdoor;2;elm, rock;('ideal', 'stand');0;46
rigid;2;elm, rock;('flat', 'ideal');0;122
root;2;elm, rock;('lemon', 'elm');0;35
stone;2;elm, rock;('rock', 'white');1;1
tree;2;elm, rock;('elm', 'bear');0;5
unmoving;2;elm, rock;('sit', 'elm');0;46
wood;2;elm, rock;('flat', 'elm');1;3
action;2;sit, stand;('stand', 'bear');0;17
chair;2;sit, stand;('sit', 'stand');1;0
command;2;sit, stand;('boot', 'fill');0;27
concert;2;sit, stand;('rock', 'alive');0;38
desk;2;sit, stand;('stand', 'sit');1;0
kneel;2;sit, stand;('sit', 'stand');1;0
lab;2;sit, stand;('found', 'boot');0;117
leg;2;sit, stand;('boot', 'bun');0;19
legs;2;sit, stand;('sit', 'bun');1;2
move;2;sit, stand;('sit', 'stand');1;0
movement;2;sit, stand;('stand', 'ideal');0;38
position;2;sit, stand;('stand', 'ideal');1;1
posture;2;sit, stand;('sit', 'stand');1;0
s;2;sit, stand;('found', 'rock');0;142
stationary;2;sit, stand;('ideal', 'flat');0;14
still;2;sit, stand;('alive', 'lost');0;19
symphony;2;sit, stand;('rock', 'river');0;100
up;2;sit, stand;('found', 'lost');0;7
arrow;2;east, short;('wood', 'heart');0;55
cardinal;2;east, short;('wood', 'glass');0;134
coast;2;east, short;('east', 'timber');1;3
compass;2;east, short;('meter', 'glass');0;150
direction;2;east, short;('short', 'east');1;0
directionless;2;east, short;('empty', 'dim');0;50
distance;2;east, short;('short', 'meter');1;4
identification;2;east, short;('meter', 'timber');0;137
inch;2;east, short;('glass', 'meter');0;180
magnitude;2;east, short;('meter', 'dim');0;29
measurement;2;east, short;('meter', 'timber');0;124
navigate;2;east, short;('empty', 'dim');0;111
origin;2;east, short;('east', 'wood');0;11
physicality;2;east, short;('love', 'cage');0;175
road;2;east, short;('east', 'old');1;2
simple;2;east, short;('short', 'soft');0;168
small;2;east, short;('short', 'soft');0;82
sunrise;2;east, short;('east', 'dim');0;8
turn;2;east, short;('love', 'east');0;7
vector;2;east, short;('empty', 'meter');0;168
west;2;east, short;('east', 'new');0;5
animal;2;glass, cage;('cage', 'soft');0;11
aquarium;2;glass, cage;('glass', 'cage');1;0
bar;2;glass, cage;('kitchen', 'glass');0;8
barrier;2;glass, cage;('meter', 'cage');1;4
bird;2;glass, cage;('cage', 'wood');1;1
break;2;glass, cage;('hard', 'short');0;113
breakout;2;glass, cage;('short', 'cage');0;39
confine;2;glass, cage;('empty', 'cage');0;21
confines;2;glass, cage;('empty', 'cage');0;32
contain;2;glass, cage;('full', 'empty');0;117
container;2;glass, cage;('empty', 'glass');0;9
containment;2;glass, cage;('cage', 'timber');1;4
encase;2;glass, cage;('glass', 'soft');0;63
exhibit;2;glass, cage;('glass', 'east');0;14
fishtank;2;glass, cage;('kitchen', 'cage');1;2
fragile;2;glass, cage;('soft', 'worn');0;59
greenhouse;2;glass, cage;('timber', 'wood');0;25
louvre;2;glass, cage;('glass', 'cage');1;0
pantomime;2;glass, cage;('cage', 'boots');0;12
prism;2;glass, cage;('glass', 'meter');1;2
prison;2;glass, cage;('old', 'cage');0;21
shatter;2;glass, cage;('glass', 'boots');0;9
structure;2;glass, cage;('timber', 'cage');0;15
transparent;2;glass, cage;('glass', 'soft');0;21
trap;2;glass, cage;('cage', 'meter');0;10
view;2;glass, cage;('full', 'east');0;149
window;2;glass, cage;('glass', 'kitchen');0;7
zoo;2;glass, cage;('cage', 'east');0;10
age;2;old, new;('old', 'new');1;0
condition;2;old, new;('worn', 'heart');0;33
cycle;2;old, new;('short', 'meter');0;51
fresh;2;old, new;('soft', 'kitchen');0;35
friend;2;old, new;('love', 'old');0;13
generation;2;old, new;('new', 'old');1;0
god;2;old, new;('love', 'heart');0;41
grandparent;2;old, new;('old', 'love');0;5
hand-me-down;2;old, new;('worn', 'old');0;25
life;2;old, new;('love', 'heart');0;33
memory;2;old, new;('hard', 'dim');0;68
midlife;2;old, new;('heart', 'old');0;8
opposite;2;old, new;('east', 'empty');0;132
quality;2;old, new;('full', 'timber');0;101
restore;2;old, new;('old', 'dim');0;9
shop;2;old, new;('kitchen', 'boots');0;36
temporal;2;old, new;('heart', 'soft');0;139
time;2;old, new;('hard', 'new');0;9
use;2;old, new;('new', 'heavy');0;19
wedding;2;old, new;('love', 'kitchen');0;61
band;2;army, drum;('drum', 'army');1;0
battle;2;army, drum;('army', 'giant');1;4
beat;2;army, drum;('tough', 'drum');0;7
bugle;2;army, drum;('drum', 'army');1;0
fighter;2;army, drum;('army', 'tough');0;10
march;2;army, drum;('happy', 'army');0;7
militant;2;army, drum;('army', 'tough');0;8
military;2;army, drum;('army', 'land');0;8
patriotism;2;army, drum;('army', 'sad');0;75
revolution;2;army, drum;('army', 'drum');1;0
soldier;2;army, drum;('army', 'sad');0;8
strike;2;army, drum;('army', 'tough');0;7
war;2;army, drum;('army', 'land');1;4
wartime;2;army, drum;('army', 'rural');0;22
background;2;giant, subtle;('style', 'subtle');0;18
beanstalk;2;giant, subtle;('giant', 'tall');0;13
big;2;giant, subtle;('giant', 'tough');0;17
broad;2;giant, subtle;('subtle', 'rural');0;24
cloud;2;giant, subtle;('giant', 'land');0;12
clue;2;giant, subtle;('sad', 'subtle');0;14
conspicuous;2;giant, subtle;('subtle', 'tall');0;6
difficult;2;giant, subtle;('tough', 'sad');0;48
drastic;2;giant, subtle;('subtle', 'tough');0;12
elephant;2;giant, subtle;('giant', 'ride');0;26
extreme;2;giant, subtle;('tough', 'ride');0;24
flaw;2;giant, subtle;('subtle', 'sad');1;1
gentle;2;giant, subtle;('subtle', 'ride');0;13
gesture;2;giant, subtle;('subtle', 'sad');0;8
hint;2;giant, subtle;('subtle', 'cake');0;10
huge;2;giant, subtle;('giant', 'tall');0;15
mistake;2;giant, subtle;('sad', 'tough');0;33
movement;2;giant, subtle;('style', 'subtle');0;28
ninja;2;giant, subtle;('giant', 'army');0;66
noticeable;2;giant, subtle;('subtle', 'fine');0;14
obvious;2;giant, subtle;('subtle', 'sad');0;7
opposite;2;giant, subtle;('floor', 'subtle');0;21
oxymoron;2;giant, subtle;('sad', 'subtle');0;9
quiet;2;giant, subtle;('sad', 'acre');0;111
size;2;giant, subtle;('style', 'tall');0;92
subdue;2;giant, subtle;('army', 'land');0;18
sun;2;giant, subtle;('giant', 'ride');0;10
unfathomable;2;giant, subtle;('sad', 'subtle');1;4
unnoticed;2;giant, subtle;('subtle', 'sad');0;13
bipolar;2;happy, sad;('sad', 'drum');1;2
emotion;2;happy, sad;('subtle', 'sad');1;4
feeling;2;happy, sad;('sad', 'happy');1;0
marriage;2;happy, sad;('happy', 'gift');1;2
mood;2;happy, sad;('happy', 'sad');1;0
oppose;2;happy, sad;('land', 'rural');0;60
blank;2;candle, wick;('layer', 'silly');0;125
board;2;candle, wick;('king', 'guest');0;180
burn;2;candle, wick;('candle', 'wick');1;0
cake;2;candle, wick;('candle', 'layer');0;13
fire;2;candle, wick;('candle', 'wick');1;0
flame;2;candle, wick;('candle', 'wick');1;0
holiday;2;candle, wick;('guest', 'candle');0;25
it;2;candle, wick;('happen', 'real');0;184
lamp;2;candle, wick;('candle', 'wick');1;0
light;2;candle, wick;('candle', 'olive');1;1
match;2;candle, wick;('real', 'happen');0;130
melt;2;candle, wick;('layer', 'wick');0;5
smell;2;candle, wick;('weird', 'candle');1;1
wax;2;candle, wick;('candle', 'wick');1;0
branch;2;olive, real;('real', 'olive');1;0
eat;2;olive, real;('sleep', 'weird');0;52
edible;2;olive, real;('olive', 'candle');0;8
food;2;olive, real;('weird', 'olive');1;2
genuine;2;olive, real;('real', 'anger');0;6
green;2;olive, real;('olive', 'candle');1;1
grow;2;olive, real;('happen', 'fly');0;33
health;2;olive, real;('sleep', 'trauma');0;35
martini;2;olive, real;('olive', 'candle');0;10
natural;2;olive, real;('real', 'olive');1;0
nonfiction;2;olive, real;('male', 'trauma');0;110
oil;2;olive, real;('olive', 'candle');0;5
organic;2;olive, real;('olive', 'layer');0;8
pit;2;olive, real;('rage', 'anger');0;186
salt;2;olive, real;('olive', 'layer');0;5
skin;2;olive, real;('sore', 'layer');0;70
taste;2;olive, real;('weird', 'olive');1;1
tree;2;olive, real;('candle', 'hammock');0;22
truth;2;olive, real;('real', 'happen');0;61
vegetable;2;olive, real;('olive', 'candle');0;9
virgin;2;olive, real;('olive', 'male');1;3
abnormal;2;weird, trauma;('weird', 'trauma');1;0
accident;2;weird, trauma;('happen', 'trauma');1;1
clown;2;weird, trauma;('silly', 'weird');0;30
concussion;2;weird, trauma;('trauma', 'sore');0;9
crazy;2;weird, trauma;('weird', 'silly');0;41
creepy;2;weird, trauma;('weird', 'silly');0;13
difficult;2;weird, trauma;('happen', 'silly');0;11
dysfunction;2;weird, trauma;('trauma', 'male');0;22
eerie;2;weird, trauma;('weird', 'silly');0;5
emergency;2;weird, trauma;('trauma', 'wick');0;18
feeling;2;weird, trauma;('weird', 'sore');0;20
hallucination;2;weird, trauma;('trauma', 'rage');1;1
horror;2;weird, trauma;('weird', 'rage');1;1
hospital;2;weird, trauma;('trauma', 'sleep');0;8
hurt;2;weird, trauma;('happen', 'sore');0;35
incident;2;weird, trauma;('happen', 'trauma');0;6
injury;2;weird, trauma;('trauma', 'sore');0;12
insanity;2;weird, trauma;('rage', 'anger');0;25
memorable;2;weird, trauma;('guest', 'silly');0;29
minority;2;weird, trauma;('male', 'anger');0;31
misdiagnosis;2;weird, trauma;('trauma', 'sore');0;9
nightmare;2;weird, trauma;('weird', 'rage');0;5
paranormal;2;weird, trauma;('weird', 'trauma');1;0
psychoanalysis;2;weird, trauma;('trauma', 'anger');0;8
rollercoaster;2;weird, trauma;('rage', 'weird');0;16
scar;2;weird, trauma;('sore', 'trauma');0;18
school;2;weird, trauma;('real', 'king');0;28
shock;2;weird, trauma;('trauma', 'rage');0;5
stab;2;weird, trauma;('toe', 'trauma');0;19
strange;2;weird, trauma;('weird', 'silly');0;12
trigger;2;weird, trauma;('happen', 'trauma');0;15
uncomfortable;2;weird, trauma;('weird', 'sore');0;10
unusual;2;weird, trauma;('weird', 'silly');0;8
you;2;weird, trauma;('happen', 'real');0;121
